Name,Slug,Collection ID,Locale ID,Item ID,Archived,Draft,Created On,Updated On,Published On,Description
Buying Guides & Cost,buying-guides-cost,69909e3016a1ac1f568b5a99,698a55281e50ce048618d1ad,69909ed05def52a888d802af,false,false,Sat Feb 14 2026 16:12:00 GMT+0000 (Coordinated Universal Time),Sat Feb 14 2026 16:18:37 GMT+0000 (Coordinated Universal Time),Sat Feb 14 2026 16:32:26 GMT+0000 (Coordinated Universal Time),
Commercial Projects,commercial-projects,69909e3016a1ac1f568b5a99,698a55281e50ce048618d1ad,69909ed9b1ba8bdb605e2d33,false,false,Sat Feb 14 2026 16:12:09 GMT+0000 (Coordinated Universal Time),Sat Feb 14 2026 16:18:37 GMT+0000 (Coordinated Universal Time),Sat Feb 14 2026 16:32:26 GMT+0000 (Coordinated Universal Time),
Maintenance & Care,maintenance-care,69909e3016a1ac1f568b5a99,698a55281e50ce048618d1ad,69909ee1637f5a665f1298ee,false,false,Sat Feb 14 2026 16:12:17 GMT+0000 (Coordinated Universal Time),Sat Feb 14 2026 16:18:37 GMT+0000 (Coordinated Universal Time),Sat Feb 14 2026 16:32:26 GMT+0000 (Coordinated Universal Time),
Materials & Engineering,materials-engineering,69909e3016a1ac1f568b5a99,698a55281e50ce048618d1ad,69909ec6c84070bd03397475,false,false,Sat Feb 14 2026 16:11:50 GMT+0000 (Coordinated Universal Time),Sat Feb 14 2026 16:18:37 GMT+0000 (Coordinated Universal Time),Sat Feb 14 2026 16:32:26 GMT+0000 (Coordinated Universal Time),
Outdoor Living Design,outdoor-living-design,69909e3016a1ac1f568b5a99,698a55281e50ce048618d1ad,69909eadffe75147ba5138d0,false,false,Sat Feb 14 2026 16:11:25 GMT+0000 (Coordinated Universal Time),Sat Feb 14 2026 16:18:37 GMT+0000 (Coordinated Universal Time),Sat Feb 14 2026 16:32:26 GMT+0000 (Coordinated Universal Time),
Patio & Hardscape Services,patio-hardscape-services,69909e3016a1ac1f568b5a99,698a55281e50ce048618d1ad,69909ee9d8944770c725abf3,false,false,Sat Feb 14 2026 16:12:25 GMT+0000 (Coordinated Universal Time),Sat Feb 14 2026 16:18:37 GMT+0000 (Coordinated Universal Time),Sat Feb 14 2026 16:32:26 GMT+0000 (Coordinated Universal Time),
Pergolas & Shade Systems,pergolas-shade-systems,69909e3016a1ac1f568b5a99,698a55281e50ce048618d1ad,69909ea44adcd94c3f43af0b,false,false,Sat Feb 14 2026 16:11:16 GMT+0000 (Coordinated Universal Time),Sat Feb 14 2026 16:18:37 GMT+0000 (Coordinated Universal Time),Sat Feb 14 2026 16:32:26 GMT+0000 (Coordinated Universal Time),
Service Areas,service-areas,69909e3016a1ac1f568b5a99,698a55281e50ce048618d1ad,69909ebe152ed21e9594ee91,false,false,Sat Feb 14 2026 16:11:42 GMT+0000 (Coordinated Universal Time),Sat Feb 14 2026 16:18:37 GMT+0000 (Coordinated Universal Time),Sat Feb 14 2026 16:32:26 GMT+0000 (Coordinated Universal Time),
View All,view-all,69909e3016a1ac1f568b5a99,698a55281e50ce048618d1ad,69976ae9d8c518dec8373240,false,false,Thu Feb 19 2026 19:56:25 GMT+0000 (Coordinated Universal Time),Thu Feb 19 2026 19:56:31 GMT+0000 (Coordinated Universal Time),Thu Feb 19 2026 20:12:36 GMT+0000 (Coordinated Universal Time),
